Date,Open,Close,symbol
2024-05-28 00:00:00-04:00,191.28858695639587,189.77035522460938,AAPL
2024-05-29 00:00:00-04:00,189.39078555405024,190.0699920654297,AAPL
2024-05-30 00:00:00-04:00,190.5394463789207,191.06883239746094,AAPL
2024-05-31 00:00:00-04:00,191.2186641606353,192.02772521972656,AAPL
2024-06-03 00:00:00-04:00,192.67696567521375,193.8056640625,AAPL
2024-06-04 00:00:00-04:00,194.414963181449,194.12530517578125,AAPL
2024-06-05 00:00:00-04:00,195.17408160134354,195.64353942871094,AAPL
2024-06-06 00:00:00-04:00,195.46374994249493,194.25514221191406,AAPL
2024-06-07 00:00:00-04:00,194.4249530208514,196.66236877441406,AAPL
2024-06-10 00:00:00-04:00,196.67234166962024,192.89671325683594,AAPL
2024-06-11 00:00:00-04:00,193.4261003259925,206.91049194335938,AAPL
2024-06-12 00:00:00-04:00,207.13024721546452,212.82366943359375,AAPL
2024-06-13 00:00:00-04:00,214.49173148985017,213.9923095703125,AAPL
2024-06-14 00:00:00-04:00,213.60276725932692,212.2443389892578,AAPL
2024-06-17 00:00:00-04:00,213.12330688362184,216.41949462890625,AAPL
2024-06-18 00:00:00-04:00,217.3384239953892,214.042236328125,AAPL
2024-06-20 00:00:00-04:00,213.68266276066225,209.4375762939453,AAPL
2024-06-21 00:00:00-04:00,210.14676322476728,207.2501220703125,AAPL
2024-06-24 00:00:00-04:00,207.4798404499802,207.89935302734375,AAPL
2024-06-25 00:00:00-04:00,208.9081869431628,208.8282928466797,AAPL
2024-06-26 00:00:00-04:00,211.2554717695587,213.00344848632812,AAPL
2024-06-27 00:00:00-04:00,214.4417922510153,213.85247802734375,AAPL
2024-06-28 00:00:00-04:00,215.52053491072314,210.37648010253906,AAPL
2024-07-01 00:00:00-04:00,211.84478889932726,216.49940490722656,AAPL
2024-07-02 00:00:00-04:00,215.90008813229406,220.0153350830078,AAPL
2024-07-03 00:00:00-04:00,219.7456427738116,221.29385375976562,AAPL
2024-07-05 00:00:00-04:00,221.39372811908063,226.07830810546875,AAPL
2024-07-08 00:00:00-04:00,226.82744313327814,227.55661010742188,AAPL
2024-07-09 00:00:00-04:00,227.66647075237483,228.4156036376953,AAPL
2024-07-10 00:00:00-04:00,229.03489432853675,232.71063232421875,AAPL
2024-07-11 00:00:00-04:00,231.12247556848655,227.30690002441406,AAPL
2024-07-12 00:00:00-04:00,228.65533061100126,230.27345275878906,AAPL
2024-07-15 00:00:00-04:00,236.2065948881155,234.12899780273438,AAPL
2024-07-16 00:00:00-04:00,234.72830752859608,234.54852294921875,AAPL
2024-07-17 00:00:00-04:00,229.1847200362218,228.61538696289062,AAPL
2024-07-18 00:00:00-04:00,230.01376046370817,223.92080688476562,AAPL
2024-07-19 00:00:00-04:00,224.56007929212146,224.0506591796875,AAPL
2024-07-22 00:00:00-04:00,226.74754193953342,223.70108032226562,AAPL
2024-07-23 00:00:00-04:00,224.1105879628454,224.74984741210938,AAPL
2024-07-24 00:00:00-04:00,223.74101699336492,218.28732299804688,AAPL
2024-07-25 00:00:00-04:00,218.67687825947047,217.23855590820312,AAPL
2024-07-26 00:00:00-04:00,218.44714249209272,217.7080078125,AAPL
2024-07-29 00:00:00-04:00,216.70916725528429,217.98768615722656,AAPL
2024-07-30 00:00:00-04:00,218.93659134819188,218.5470428466797,AAPL
2024-07-31 00:00:00-04:00,221.1839827384757,221.8232421875,AAPL
2024-08-01 00:00:00-04:00,224.110590003871,218.1075439453125,AAPL
2024-08-02 00:00:00-04:00,218.89661861998934,219.60580444335938,AAPL
2024-08-05 00:00:00-04:00,198.85982239251607,209.02806091308594,AAPL
2024-08-06 00:00:00-04:00,205.06264094927153,206.9904022216797,AAPL
2024-08-07 00:00:00-04:00,206.66078565300305,209.57742309570312,AAPL
2024-08-08 00:00:00-04:00,212.86361928255258,213.06338500976562,AAPL
2024-08-09 00:00:00-04:00,211.85479245119006,215.99000549316406,AAPL
2024-08-12 00:00:00-04:00,216.07000732421875,217.52999877929688,AAPL
2024-08-13 00:00:00-04:00,219.00999450683594,221.27000427246094,AAPL
2024-08-14 00:00:00-04:00,220.57000732421875,221.72000122070312,AAPL
2024-08-15 00:00:00-04:00,224.60000610351562,224.72000122070312,AAPL
2024-08-16 00:00:00-04:00,223.9199981689453,226.0500030517578,AAPL
2024-08-19 00:00:00-04:00,225.72000122070312,225.88999938964844,AAPL
2024-08-20 00:00:00-04:00,225.77000427246094,226.50999450683594,AAPL
2024-08-21 00:00:00-04:00,226.52000427246094,226.39999389648438,AAPL
2024-08-22 00:00:00-04:00,227.7899932861328,224.52999877929688,AAPL
2024-08-23 00:00:00-04:00,225.66000366210938,226.83999633789062,AAPL
2024-08-26 00:00:00-04:00,226.75999450683594,227.17999267578125,AAPL
2024-08-27 00:00:00-04:00,226.21009826660156,228.02999877929688,AAPL
2024-05-28 00:00:00-04:00,174.25000769084917,176.19776916503906,GOOGL
2024-05-29 00:00:00-04:00,175.22888656940185,175.69834899902344,GOOGL
2024-05-30 00:00:00-04:00,174.99915862708127,171.91270446777344,GOOGL
2024-05-31 00:00:00-04:00,171.66298039905402,172.30224609375,GOOGL
2024-06-03 00:00:00-04:00,172.34219865896313,172.9714813232422,GOOGL
2024-06-04 00:00:00-04:00,173.08134943161593,173.59075927734375,GOOGL
2024-06-05 00:00:00-04:00,174.99915736605305,175.20892333984375,GOOGL
2024-06-06 00:00:00-04:00,175.6983392231913,176.5273895263672,GOOGL
2024-06-07 00:00:00-04:00,176.84703699114831,174.260009765625,GOOGL
2024-06-10 00:00:00-04:00,174.97000122070312,175.00999450683594,GOOGL
2024-06-11 00:00:00-04:00,176.22000122070312,176.6199951171875,GOOGL
2024-06-12 00:00:00-04:00,178.25,177.7899932861328,GOOGL
2024-06-13 00:00:00-04:00,176.11000061035156,175.16000366210938,GOOGL
2024-06-14 00:00:00-04:00,174.22000122070312,176.7899932861328,GOOGL
2024-06-17 00:00:00-04:00,175.4600067138672,177.24000549316406,GOOGL
2024-06-18 00:00:00-04:00,177.13999938964844,175.08999633789062,GOOGL
2024-06-20 00:00:00-04:00,175.3699951171875,176.3000030517578,GOOGL
2024-06-21 00:00:00-04:00,177.0,179.6300048828125,GOOGL
2024-06-24 00:00:00-04:00,180.16000366210938,179.22000122070312,GOOGL
2024-06-25 00:00:00-04:00,179.6199951171875,184.02999877929688,GOOGL
2024-06-26 00:00:00-04:00,182.6300048828125,183.8800048828125,GOOGL
2024-06-27 00:00:00-04:00,184.17999267578125,185.41000366210938,GOOGL
2024-06-28 00:00:00-04:00,184.32000732421875,182.14999389648438,GOOGL
2024-07-01 00:00:00-04:00,183.02999877929688,182.99000549316406,GOOGL
2024-07-02 00:00:00-04:00,182.0500030517578,185.24000549316406,GOOGL
2024-07-03 00:00:00-04:00,184.85000610351562,185.82000732421875,GOOGL
2024-07-05 00:00:00-04:00,185.86000061035156,190.60000610351562,GOOGL
2024-07-08 00:00:00-04:00,189.89999389648438,189.02999877929688,GOOGL
2024-07-09 00:00:00-04:00,190.30999755859375,188.97999572753906,GOOGL
2024-07-10 00:00:00-04:00,189.14999389648438,191.17999267578125,GOOGL
2024-07-11 00:00:00-04:00,189.85000610351562,185.57000732421875,GOOGL
2024-07-12 00:00:00-04:00,185.0800018310547,185.07000732421875,GOOGL
2024-07-15 00:00:00-04:00,184.9199981689453,186.52999877929688,GOOGL
2024-07-16 00:00:00-04:00,187.36000061035156,183.9199981689453,GOOGL
2024-07-17 00:00:00-04:00,182.97000122070312,181.02000427246094,GOOGL
2024-07-18 00:00:00-04:00,181.92999267578125,177.69000244140625,GOOGL
2024-07-19 00:00:00-04:00,178.8800048828125,177.66000366210938,GOOGL
2024-07-22 00:00:00-04:00,180.58999633789062,181.6699981689453,GOOGL
2024-07-23 00:00:00-04:00,182.0500030517578,181.7899932861328,GOOGL
2024-07-24 00:00:00-04:00,173.60000610351562,172.6300048828125,GOOGL
2024-07-25 00:00:00-04:00,172.52000427246094,167.27999877929688,GOOGL
2024-07-26 00:00:00-04:00,167.14999389648438,167.0,GOOGL
2024-07-29 00:00:00-04:00,168.8300018310547,169.52999877929688,GOOGL
2024-07-30 00:00:00-04:00,170.24000549316406,170.2899932861328,GOOGL
2024-07-31 00:00:00-04:00,173.24000549316406,171.5399932861328,GOOGL
2024-08-01 00:00:00-04:00,170.25,170.75999450683594,GOOGL
2024-08-02 00:00:00-04:00,166.44000244140625,166.66000366210938,GOOGL
2024-08-05 00:00:00-04:00,155.5,159.25,GOOGL
2024-08-06 00:00:00-04:00,159.3300018310547,158.2899932861328,GOOGL
2024-08-07 00:00:00-04:00,161.25,158.94000244140625,GOOGL
2024-08-08 00:00:00-04:00,160.50999450683594,162.02999877929688,GOOGL
2024-08-09 00:00:00-04:00,160.00999450683594,163.6699981689453,GOOGL
2024-08-12 00:00:00-04:00,164.35000610351562,162.2899932861328,GOOGL
2024-08-13 00:00:00-04:00,163.41000366210938,164.16000366210938,GOOGL
2024-08-14 00:00:00-04:00,162.39999389648438,160.3699951171875,GOOGL
2024-08-15 00:00:00-04:00,160.5,161.3000030517578,GOOGL
2024-08-16 00:00:00-04:00,161.47000122070312,162.9600067138672,GOOGL
2024-08-19 00:00:00-04:00,165.27999877929688,166.6699981689453,GOOGL
2024-08-20 00:00:00-04:00,166.89999389648438,167.17999267578125,GOOGL
2024-08-21 00:00:00-04:00,165.14999389648438,165.85000610351562,GOOGL
2024-08-22 00:00:00-04:00,167.25999450683594,163.8000030517578,GOOGL
2024-08-23 00:00:00-04:00,164.72000122070312,165.6199951171875,GOOGL
2024-08-26 00:00:00-04:00,166.3800048828125,166.16000366210938,GOOGL
2024-08-27 00:00:00-04:00,165.75999450683594,164.67999267578125,GOOGL
2024-05-28 00:00:00-04:00,179.92999267578125,182.14999389648438,AMZN
2024-05-29 00:00:00-04:00,181.6999969482422,182.02000427246094,AMZN
2024-05-30 00:00:00-04:00,181.30999755859375,179.32000732421875,AMZN
2024-05-31 00:00:00-04:00,178.3000030517578,176.44000244140625,AMZN
2024-06-03 00:00:00-04:00,177.6999969482422,178.33999633789062,AMZN
2024-06-04 00:00:00-04:00,177.63999938964844,179.33999633789062,AMZN
2024-06-05 00:00:00-04:00,180.10000610351562,181.27999877929688,AMZN
2024-06-06 00:00:00-04:00,181.75,185.0,AMZN
2024-06-07 00:00:00-04:00,184.89999389648438,184.3000030517578,AMZN
2024-06-10 00:00:00-04:00,184.07000732421875,187.05999755859375,AMZN
2024-06-11 00:00:00-04:00,187.05999755859375,187.22999572753906,AMZN
2024-06-12 00:00:00-04:00,188.02000427246094,186.88999938964844,AMZN
2024-06-13 00:00:00-04:00,186.08999633789062,183.8300018310547,AMZN
2024-06-14 00:00:00-04:00,183.0800018310547,183.66000366210938,AMZN
2024-06-17 00:00:00-04:00,182.52000427246094,184.05999755859375,AMZN
2024-06-18 00:00:00-04:00,183.74000549316406,182.80999755859375,AMZN
2024-06-20 00:00:00-04:00,182.91000366210938,186.10000610351562,AMZN
2024-06-21 00:00:00-04:00,187.8000030517578,189.0800018310547,AMZN
2024-06-24 00:00:00-04:00,189.3300018310547,185.57000732421875,AMZN
2024-06-25 00:00:00-04:00,186.80999755859375,186.33999633789062,AMZN
2024-06-26 00:00:00-04:00,186.9199981689453,193.61000061035156,AMZN
2024-06-27 00:00:00-04:00,195.00999450683594,197.85000610351562,AMZN
2024-06-28 00:00:00-04:00,197.72999572753906,193.25,AMZN
2024-07-01 00:00:00-04:00,193.49000549316406,197.1999969482422,AMZN
2024-07-02 00:00:00-04:00,197.27999877929688,200.0,AMZN
2024-07-03 00:00:00-04:00,199.94000244140625,197.58999633789062,AMZN
2024-07-05 00:00:00-04:00,198.64999389648438,200.0,AMZN
2024-07-08 00:00:00-04:00,200.0399932861328,199.2899932861328,AMZN
2024-07-09 00:00:00-04:00,199.39999389648438,199.33999633789062,AMZN
2024-07-10 00:00:00-04:00,200.0,199.7899932861328,AMZN
2024-07-11 00:00:00-04:00,200.08999633789062,195.0500030517578,AMZN
2024-07-12 00:00:00-04:00,194.8000030517578,194.49000549316406,AMZN
2024-07-15 00:00:00-04:00,194.55999755859375,192.72000122070312,AMZN
2024-07-16 00:00:00-04:00,195.58999633789062,193.02000427246094,AMZN
2024-07-17 00:00:00-04:00,191.35000610351562,187.92999267578125,AMZN
2024-07-18 00:00:00-04:00,189.58999633789062,183.75,AMZN
2024-07-19 00:00:00-04:00,181.13999938964844,183.1300048828125,AMZN
2024-07-22 00:00:00-04:00,185.0,182.5500030517578,AMZN
2024-07-23 00:00:00-04:00,184.10000610351562,186.41000366210938,AMZN
2024-07-24 00:00:00-04:00,183.1999969482422,180.8300018310547,AMZN
2024-07-25 00:00:00-04:00,182.91000366210938,179.85000610351562,AMZN
2024-07-26 00:00:00-04:00,180.38999938964844,182.5,AMZN
2024-07-29 00:00:00-04:00,183.83999633789062,183.1999969482422,AMZN
2024-07-30 00:00:00-04:00,184.72000122070312,181.7100067138672,AMZN
2024-07-31 00:00:00-04:00,185.0500030517578,186.97999572753906,AMZN
2024-08-01 00:00:00-04:00,189.2899932861328,184.07000732421875,AMZN
2024-08-02 00:00:00-04:00,166.75,167.89999389648438,AMZN
2024-08-05 00:00:00-04:00,154.2100067138672,161.02000427246094,AMZN
2024-08-06 00:00:00-04:00,161.7100067138672,161.92999267578125,AMZN
2024-08-07 00:00:00-04:00,166.5500030517578,162.77000427246094,AMZN
2024-08-08 00:00:00-04:00,165.1699981689453,165.8000030517578,AMZN
2024-08-09 00:00:00-04:00,166.39999389648438,166.94000244140625,AMZN
2024-08-12 00:00:00-04:00,168.13999938964844,166.8000030517578,AMZN
2024-08-13 00:00:00-04:00,167.80999755859375,170.22999572753906,AMZN
2024-08-14 00:00:00-04:00,172.11000061035156,170.10000610351562,AMZN
2024-08-15 00:00:00-04:00,174.86000061035156,177.58999633789062,AMZN
2024-08-16 00:00:00-04:00,177.0399932861328,177.05999755859375,AMZN
2024-08-19 00:00:00-04:00,177.63999938964844,178.22000122070312,AMZN
2024-08-20 00:00:00-04:00,177.9199981689453,178.8800048828125,AMZN
2024-08-21 00:00:00-04:00,179.9199981689453,180.11000061035156,AMZN
2024-08-22 00:00:00-04:00,181.3800048828125,176.1300048828125,AMZN
2024-08-23 00:00:00-04:00,177.33999633789062,177.0399932861328,AMZN
2024-08-26 00:00:00-04:00,176.6999969482422,175.5,AMZN
2024-08-27 00:00:00-04:00,174.14999389648438,173.1199951171875,AMZN
2024-05-28 00:00:00-04:00,476.1072862257536,479.4440002441406,META
2024-05-29 00:00:00-04:00,474.1891860529296,473.88946533203125,META
2024-05-30 00:00:00-04:00,471.2021740877535,466.58673095703125,META
2024-05-31 00:00:00-04:00,465.33796622384085,466.366943359375,META
2024-06-03 00:00:00-04:00,470.3929590804151,477.0163879394531,META
2024-06-04 00:00:00-04:00,476.52687605790095,476.5168762207031,META
2024-06-05 00:00:00-04:00,483.9695079441245,494.5689697265625,META
2024-06-06 00:00:00-04:00,492.49103855052476,493.270263671875,META
2024-06-07 00:00:00-04:00,495.41812499432933,492.4710388183594,META
2024-06-10 00:00:00-04:00,493.37014951677844,502.10150146484375,META
2024-06-11 00:00:00-04:00,499.66389747820887,506.9666442871094,META
2024-06-12 00:00:00-04:00,513.480182437513,508.3352966308594,META
2024-06-13 00:00:00-04:00,505.20839456425085,503.6000061035156,META
2024-06-14 00:00:00-04:00,502.6499938964844,504.1600036621094,META
2024-06-17 00:00:00-04:00,501.6700134277344,506.6300048828125,META
2024-06-18 00:00:00-04:00,504.55999755859375,499.489990234375,META
2024-06-20 00:00:00-04:00,502.0,501.70001220703125,META
2024-06-21 00:00:00-04:00,503.45001220703125,494.7799987792969,META
2024-06-24 00:00:00-04:00,499.20001220703125,498.9100036621094,META
2024-06-25 00:00:00-04:00,497.04998779296875,510.6000061035156,META
2024-06-26 00:00:00-04:00,506.6499938964844,513.1199951171875,META
2024-06-27 00:00:00-04:00,514.25,519.5599975585938,META
2024-06-28 00:00:00-04:00,517.1500244140625,504.2200012207031,META
2024-07-01 00:00:00-04:00,504.95001220703125,504.67999267578125,META
2024-07-02 00:00:00-04:00,500.760009765625,509.5,META
2024-07-03 00:00:00-04:00,506.3699951171875,509.9599914550781,META
2024-07-05 00:00:00-04:00,511.6000061035156,539.9099731445312,META
2024-07-08 00:00:00-04:00,542.3499755859375,529.3200073242188,META
2024-07-09 00:00:00-04:00,533.75,530.0,META
2024-07-10 00:00:00-04:00,530.7899780273438,534.6900024414062,META
2024-07-11 00:00:00-04:00,530.8900146484375,512.7000122070312,META
2024-07-12 00:00:00-04:00,497.760009765625,498.8699951171875,META
2024-07-15 00:00:00-04:00,498.6300048828125,496.1600036621094,META
2024-07-16 00:00:00-04:00,501.5,489.7900085449219,META
2024-07-17 00:00:00-04:00,479.1700134277344,461.989990234375,META
2024-07-18 00:00:00-04:00,475.0,475.8500061035156,META
2024-07-19 00:00:00-04:00,476.05999755859375,476.7900085449219,META
2024-07-22 00:00:00-04:00,486.5799865722656,487.3999938964844,META
2024-07-23 00:00:00-04:00,489.8399963378906,488.69000244140625,META
2024-07-24 00:00:00-04:00,472.30999755859375,461.2699890136719,META
2024-07-25 00:00:00-04:00,463.260009765625,453.4100036621094,META
2024-07-26 00:00:00-04:00,464.20001220703125,465.70001220703125,META
2024-07-29 00:00:00-04:00,469.8800048828125,465.7099914550781,META
2024-07-30 00:00:00-04:00,467.0,463.19000244140625,META
2024-07-31 00:00:00-04:00,471.0199890136719,474.8299865722656,META
2024-08-01 00:00:00-04:00,521.0,497.739990234375,META
2024-08-02 00:00:00-04:00,489.0,488.1400146484375,META
2024-08-05 00:00:00-04:00,451.3500061035156,475.7300109863281,META
2024-08-06 00:00:00-04:00,479.0,494.0899963378906,META
2024-08-07 00:00:00-04:00,503.1300048828125,488.9200134277344,META
2024-08-08 00:00:00-04:00,497.5,509.6300048828125,META
2024-08-09 00:00:00-04:00,507.7099914550781,517.77001953125,META
2024-08-12 00:00:00-04:00,516.8599853515625,515.9500122070312,META
2024-08-13 00:00:00-04:00,520.010009765625,528.5399780273438,META
2024-08-14 00:00:00-04:00,528.0599975585938,526.760009765625,META
2024-08-15 00:00:00-04:00,531.7899780273438,537.3300170898438,META
2024-08-16 00:00:00-04:00,531.9000244140625,527.4199829101562,META
2024-08-19 00:00:00-04:00,526.8699951171875,529.280029296875,META
2024-08-20 00:00:00-04:00,528.3499755859375,526.72998046875,META
2024-08-21 00:00:00-04:00,527.1500244140625,535.1599731445312,META
2024-08-22 00:00:00-04:00,537.0,531.9299926757812,META
2024-08-23 00:00:00-04:00,536.9199829101562,528.0,META
2024-08-26 00:00:00-04:00,527.5999755859375,521.1199951171875,META
2024-08-27 00:00:00-04:00,519.0800170898438,519.0999755859375,META
2024-05-28 00:00:00-04:00,428.8570153768908,429.5457763671875,MSFT
2024-05-29 00:00:00-04:00,424.9241078592897,428.3978576660156,MSFT
2024-05-30 00:00:00-04:00,423.5365985674188,413.9239501953125,MSFT
2024-05-31 00:00:00-04:00,416.0001981551101,414.38311767578125,MSFT
2024-06-03 00:00:00-04:00,414.78239441586754,412.7760009765625,MSFT
2024-06-04 00:00:00-04:00,411.68797587586874,415.3214416503906,MSFT
2024-06-05 00:00:00-04:00,417.05827419686176,423.24713134765625,MSFT
2024-06-06 00:00:00-04:00,423.24713337206975,423.7561950683594,MSFT
2024-06-07 00:00:00-04:00,425.43321093193657,423.0874328613281,MSFT
2024-06-10 00:00:00-04:00,423.93590960030053,427.1001892089844,MSFT
2024-06-11 00:00:00-04:00,424.714492210749,431.9015197753906,MSFT
2024-06-12 00:00:00-04:00,434.5367860452445,440.2664489746094,MSFT
2024-06-13 00:00:00-04:00,440.0568553290733,440.7855224609375,MSFT
2024-06-14 00:00:00-04:00,437.4914526433868,441.77374267578125,MSFT
2024-06-17 00:00:00-04:00,441.79369397889576,447.56329345703125,MSFT
2024-06-18 00:00:00-04:00,448.90088872513473,445.5369567871094,MSFT
2024-06-20 00:00:00-04:00,445.4970284658229,444.89813232421875,MSFT
2024-06-21 00:00:00-04:00,446.57508828170745,448.97076416015625,MSFT
2024-06-24 00:00:00-04:00,448.99073575427695,446.8645935058594,MSFT
2024-06-25 00:00:00-04:00,447.4435174764647,450.138671875,MSFT
2024-06-26 00:00:00-04:00,448.1921782643384,451.34649658203125,MSFT
2024-06-27 00:00:00-04:00,451.36643984920676,452.0352478027344,MSFT
2024-06-28 00:00:00-04:00,452.25485824092095,446.1458740234375,MSFT
2024-07-01 00:00:00-04:00,447.8527763611413,455.90826416015625,MSFT
2024-07-02 00:00:00-04:00,452.38462669565615,458.45367431640625,MSFT
2024-07-03 00:00:00-04:00,457.36563430230166,459.94097900390625,MSFT
2024-07-05 00:00:00-04:00,458.78307168504375,466.7187805175781,MSFT
2024-07-08 00:00:00-04:00,465.71059339028005,465.4011535644531,MSFT
2024-07-09 00:00:00-04:00,466.15979611649647,458.7132263183594,MSFT
2024-07-10 00:00:00-04:00,460.3901839011476,465.4111328125,MSFT
2024-07-11 00:00:00-04:00,462.14702910596276,453.8819274902344,MSFT
2024-07-12 00:00:00-04:00,453.5125737072739,452.7339782714844,MSFT
2024-07-15 00:00:00-04:00,452.48443329494324,453.14324951171875,MSFT
2024-07-16 00:00:00-04:00,453.4027989347938,448.71124267578125,MSFT
2024-07-17 00:00:00-04:00,441.79369593210816,442.7220153808594,MSFT
2024-07-18 00:00:00-04:00,443.5405562956479,439.57769775390625,MSFT
2024-07-19 00:00:00-04:00,432.32078277543104,436.32354736328125,MSFT
2024-07-22 00:00:00-04:00,440.9951415745854,442.14306640625,MSFT
2024-07-23 00:00:00-04:00,443.1013491115581,444.0496520996094,MSFT
2024-07-24 00:00:00-04:00,439.6575641864461,428.1283264160156,MSFT
2024-07-25 00:00:00-04:00,428.02849922740444,417.647216796875,MSFT
2024-07-26 00:00:00-04:00,417.4475956401735,424.5048522949219,MSFT
2024-07-29 00:00:00-04:00,430.8034993953489,425.9622497558594,MSFT
2024-07-30 00:00:00-04:00,426.950470567327,422.15911865234375,MSFT
2024-07-31 00:00:00-04:00,419.7434462343891,417.5973205566406,MSFT
2024-08-01 00:00:00-04:00,420.0329297410617,416.3595275878906,MSFT
2024-08-02 00:00:00-04:00,411.747838603881,407.7550354003906,MSFT
2024-08-05 00:00:00-04:00,388.46983486087413,394.4390563964844,MSFT
2024-08-06 00:00:00-04:00,399.2803346769082,398.8910217285156,MSFT
2024-08-07 00:00:00-04:00,407.9048180980064,397.7131652832031,MSFT
2024-08-08 00:00:00-04:00,401.71593441788025,401.9654846191406,MSFT
2024-08-09 00:00:00-04:00,403.3030798438404,405.28948974609375,MSFT
2024-08-12 00:00:00-04:00,406.32761416420084,406.07806396484375,MSFT
2024-08-13 00:00:00-04:00,408.85307563224285,413.26513671875,MSFT
2024-08-14 00:00:00-04:00,414.05369406899246,416.1099853515625,MSFT
2024-08-15 00:00:00-04:00,419.79998779296875,421.0299987792969,MSFT
2024-08-16 00:00:00-04:00,420.6000061035156,418.4700012207031,MSFT
2024-08-19 00:00:00-04:00,418.9599914550781,421.5299987792969,MSFT
2024-08-20 00:00:00-04:00,421.70001220703125,424.79998779296875,MSFT
2024-08-21 00:00:00-04:00,424.0799865722656,424.1400146484375,MSFT
2024-08-22 00:00:00-04:00,424.3599853515625,415.54998779296875,MSFT
2024-08-23 00:00:00-04:00,416.9800109863281,416.7900085449219,MSFT
2024-08-26 00:00:00-04:00,416.3699951171875,413.489990234375,MSFT
2024-08-27 00:00:00-04:00,413.0,413.8399963378906,MSFT
2024-05-28 00:00:00-04:00,110.23494997366184,113.89164733886719,NVDA
2024-05-29 00:00:00-04:00,113.04071889038978,114.81556701660156,NVDA
2024-05-30 00:00:00-04:00,114.64058157101344,110.49092102050781,NVDA
2024-05-31 00:00:00-04:00,112.51075688754003,109.6240005493164,NVDA
2024-06-03 00:00:00-04:00,113.61167026680853,114.99055480957031,NVDA
2024-06-04 00:00:00-04:00,115.70649539895072,116.42742919921875,NVDA
2024-06-05 00:00:00-04:00,118.36128082712908,122.42994689941406,NVDA
2024-06-06 00:00:00-04:00,124.03780483468498,120.9880599975586,NVDA
2024-06-07 00:00:00-04:00,119.76016259756668,120.8780746459961,NVDA
2024-06-10 00:00:00-04:00,120.36011722924495,121.77999877929688,NVDA
2024-06-11 00:00:00-04:00,121.7699966430664,120.91000366210938,NVDA
2024-06-12 00:00:00-04:00,123.05999755859375,125.19999694824219,NVDA
2024-06-13 00:00:00-04:00,129.38999938964844,129.61000061035156,NVDA
2024-06-14 00:00:00-04:00,129.9600067138672,131.8800048828125,NVDA
2024-06-17 00:00:00-04:00,132.99000549316406,130.97999572753906,NVDA
2024-06-18 00:00:00-04:00,131.13999938964844,135.5800018310547,NVDA
2024-06-20 00:00:00-04:00,139.8000030517578,130.77999877929688,NVDA
2024-06-21 00:00:00-04:00,127.12000274658203,126.56999969482422,NVDA
2024-06-24 00:00:00-04:00,123.23999786376953,118.11000061035156,NVDA
2024-06-25 00:00:00-04:00,121.19999694824219,126.08999633789062,NVDA
2024-06-26 00:00:00-04:00,126.12999725341797,126.4000015258789,NVDA
2024-06-27 00:00:00-04:00,124.0999984741211,123.98999786376953,NVDA
2024-06-28 00:00:00-04:00,124.58000183105469,123.54000091552734,NVDA
2024-07-01 00:00:00-04:00,123.47000122070312,124.30000305175781,NVDA
2024-07-02 00:00:00-04:00,121.12999725341797,122.66999816894531,NVDA
2024-07-03 00:00:00-04:00,121.66000366210938,128.27999877929688,NVDA
2024-07-05 00:00:00-04:00,127.37999725341797,125.83000183105469,NVDA
2024-07-08 00:00:00-04:00,127.48999786376953,128.1999969482422,NVDA
2024-07-09 00:00:00-04:00,130.35000610351562,131.3800048828125,NVDA
2024-07-10 00:00:00-04:00,134.02999877929688,134.91000366210938,NVDA
2024-07-11 00:00:00-04:00,135.75,127.4000015258789,NVDA
2024-07-12 00:00:00-04:00,128.25999450683594,129.24000549316406,NVDA
2024-07-15 00:00:00-04:00,130.55999755859375,128.44000244140625,NVDA
2024-07-16 00:00:00-04:00,128.44000244140625,126.36000061035156,NVDA
2024-07-17 00:00:00-04:00,121.3499984741211,117.98999786376953,NVDA
2024-07-18 00:00:00-04:00,121.8499984741211,121.08999633789062,NVDA
2024-07-19 00:00:00-04:00,120.3499984741211,117.93000030517578,NVDA
2024-07-22 00:00:00-04:00,120.3499984741211,123.54000091552734,NVDA
2024-07-23 00:00:00-04:00,122.77999877929688,122.58999633789062,NVDA
2024-07-24 00:00:00-04:00,119.16999816894531,114.25,NVDA
2024-07-25 00:00:00-04:00,113.04000091552734,112.27999877929688,NVDA
2024-07-26 00:00:00-04:00,116.19000244140625,113.05999755859375,NVDA
2024-07-29 00:00:00-04:00,113.69000244140625,111.58999633789062,NVDA
2024-07-30 00:00:00-04:00,111.5199966430664,103.7300033569336,NVDA
2024-07-31 00:00:00-04:00,112.9000015258789,117.0199966430664,NVDA
2024-08-01 00:00:00-04:00,117.52999877929688,109.20999908447266,NVDA
2024-08-02 00:00:00-04:00,103.76000213623047,107.2699966430664,NVDA
2024-08-05 00:00:00-04:00,92.05999755859375,100.44999694824219,NVDA
2024-08-06 00:00:00-04:00,103.83999633789062,104.25,NVDA
2024-08-07 00:00:00-04:00,107.80999755859375,98.91000366210938,NVDA
2024-08-08 00:00:00-04:00,102.0,104.97000122070312,NVDA
2024-08-09 00:00:00-04:00,105.63999938964844,104.75,NVDA
2024-08-12 00:00:00-04:00,106.31999969482422,109.0199966430664,NVDA
2024-08-13 00:00:00-04:00,112.44000244140625,116.13999938964844,NVDA
2024-08-14 00:00:00-04:00,118.52999877929688,118.08000183105469,NVDA
2024-08-15 00:00:00-04:00,118.76000213623047,122.86000061035156,NVDA
2024-08-16 00:00:00-04:00,121.94000244140625,124.58000183105469,NVDA
2024-08-19 00:00:00-04:00,124.27999877929688,130.0,NVDA
2024-08-20 00:00:00-04:00,128.39999389648438,127.25,NVDA
2024-08-21 00:00:00-04:00,127.31999969482422,128.5,NVDA
2024-08-22 00:00:00-04:00,130.02000427246094,123.73999786376953,NVDA
2024-08-23 00:00:00-04:00,125.86000061035156,129.3699951171875,NVDA
2024-08-26 00:00:00-04:00,129.57000732421875,126.45999908447266,NVDA
2024-08-27 00:00:00-04:00,125.02999877929688,128.3000030517578,NVDA
2024-05-28 00:00:00-04:00,167.84780361982342,165.5059356689453,DELL
2024-05-29 00:00:00-04:00,164.987719406326,178.59054565429688,DELL
2024-05-30 00:00:00-04:00,178.18196733553464,169.33265686035156,DELL
2024-05-31 00:00:00-04:00,143.30294032535446,139.0775909423828,DELL
2024-06-03 00:00:00-04:00,140.0641776681876,131.57362365722656,DELL
2024-06-04 00:00:00-04:00,131.7430336580009,135.2907257080078,DELL
2024-06-05 00:00:00-04:00,135.48007761112117,137.18417358398438,DELL
2024-06-06 00:00:00-04:00,135.77904124668265,133.49696350097656,DELL
2024-06-07 00:00:00-04:00,131.0454621979559,129.520751953125,DELL
2024-06-10 00:00:00-04:00,128.5541005015643,131.99217224121094,DELL
2024-06-11 00:00:00-04:00,131.04545157913515,131.18496704101562,DELL
2024-06-12 00:00:00-04:00,132.37086391911907,131.35438537597656,DELL
2024-06-13 00:00:00-04:00,131.53377355641177,134.5532989501953,DELL
2024-06-14 00:00:00-04:00,132.90899220609145,134.513427734375,DELL
2024-06-17 00:00:00-04:00,136.65600576321987,141.5390625,DELL
2024-06-18 00:00:00-04:00,143.08370624145712,148.6344451904297,DELL
2024-06-20 00:00:00-04:00,156.08860556762127,148.0066375732422,DELL
2024-06-21 00:00:00-04:00,145.27609093246642,144.55857849121094,DELL
2024-06-24 00:00:00-04:00,142.81462753584523,137.08450317382812,DELL
2024-06-25 00:00:00-04:00,138.83842970869648,139.8648681640625,DELL
2024-06-26 00:00:00-04:00,138.04119218263097,137.7621612548828,DELL
2024-06-27 00:00:00-04:00,137.35358345109825,138.9480438232422,DELL
2024-06-28 00:00:00-04:00,139.0476992737759,137.4333038330078,DELL
2024-07-01 00:00:00-04:00,137.00478625822555,142.3263397216797,DELL
2024-07-02 00:00:00-04:00,139.73532435034775,142.97409057617188,DELL
2024-07-03 00:00:00-04:00,147.1795016426483,142.17684936523438,DELL
2024-07-05 00:00:00-04:00,141.70846612436603,138.47967529296875,DELL
2024-07-08 00:00:00-04:00,139.51607362937983,145.46543884277344,DELL
2024-07-09 00:00:00-04:00,145.55512254430008,145.23623657226562,DELL
2024-07-10 00:00:00-04:00,145.7843354474521,145.26614379882812,DELL
2024-07-11 00:00:00-04:00,145.0568634950634,140.2335968017578,DELL
2024-07-12 00:00:00-04:00,139.11746527606502,139.0875701904297,DELL
2024-07-15 00:00:00-04:00,140.26347862468518,136.7456817626953,DELL
2024-07-16 00:00:00-04:00,137.16423531178555,133.79591369628906,DELL
2024-07-17 00:00:00-04:00,127.69707031129985,124.73733520507812,DELL
2024-07-18 00:00:00-04:00,126.192287806991,124.90674591064453,DELL
2024-07-19 00:00:00-04:00,124.97651034022788,125.35519409179688,DELL
2024-07-22 00:00:00-04:00,127.72696115250434,128.2949981689453,DELL
2024-07-23 00:00:00-04:00,126.94999694824219,125.8499984741211,DELL
2024-07-24 00:00:00-04:00,123.52999877929688,116.12000274658203,DELL
2024-07-25 00:00:00-04:00,116.0,111.43000030517578,DELL
2024-07-26 00:00:00-04:00,114.25,113.55999755859375,DELL
2024-07-29 00:00:00-04:00,114.36000061035156,111.19999694824219,DELL
2024-07-30 00:00:00-04:00,112.30999755859375,108.61000061035156,DELL
2024-07-31 00:00:00-04:00,114.76000213623047,113.68000030517578,DELL
2024-08-01 00:00:00-04:00,112.93000030517578,108.43000030517578,DELL
2024-08-02 00:00:00-04:00,101.69999694824219,102.29000091552734,DELL
2024-08-05 00:00:00-04:00,90.4800033569336,98.18000030517578,DELL
2024-08-06 00:00:00-04:00,98.66000366210938,94.66999816894531,DELL
2024-08-07 00:00:00-04:00,90.37000274658203,87.88999938964844,DELL
2024-08-08 00:00:00-04:00,89.7699966430664,91.45999908447266,DELL
2024-08-09 00:00:00-04:00,89.4800033569336,92.55000305175781,DELL
2024-08-12 00:00:00-04:00,92.19999694824219,95.2699966430664,DELL
2024-08-13 00:00:00-04:00,97.0999984741211,99.94000244140625,DELL
2024-08-14 00:00:00-04:00,101.05999755859375,102.94999694824219,DELL
2024-08-15 00:00:00-04:00,107.05999755859375,110.20999908447266,DELL
2024-08-16 00:00:00-04:00,108.9000015258789,111.30000305175781,DELL
2024-08-19 00:00:00-04:00,111.0,111.87000274658203,DELL
2024-08-20 00:00:00-04:00,111.75,110.70999908447266,DELL
2024-08-21 00:00:00-04:00,110.8499984741211,111.69999694824219,DELL
2024-08-22 00:00:00-04:00,112.55000305175781,108.9800033569336,DELL
2024-08-23 00:00:00-04:00,110.3499984741211,112.01000213623047,DELL
2024-08-26 00:00:00-04:00,112.01000213623047,111.66999816894531,DELL
2024-08-27 00:00:00-04:00,110.33000183105469,111.86000061035156,DELL
2024-05-28 00:00:00-04:00,193.91000366210938,192.52000427246094,SAP
2024-05-29 00:00:00-04:00,189.9600067138672,190.3699951171875,SAP
2024-05-30 00:00:00-04:00,185.25,180.25,SAP
2024-05-31 00:00:00-04:00,181.97999572753906,182.44000244140625,SAP
2024-06-03 00:00:00-04:00,183.89999389648438,184.24000549316406,SAP
2024-06-04 00:00:00-04:00,184.0,184.22000122070312,SAP
2024-06-05 00:00:00-04:00,186.1699981689453,188.75,SAP
2024-06-06 00:00:00-04:00,194.30999755859375,193.0399932861328,SAP
2024-06-07 00:00:00-04:00,191.72999572753906,191.10000610351562,SAP
2024-06-10 00:00:00-04:00,188.8300018310547,190.24000549316406,SAP
2024-06-11 00:00:00-04:00,187.19000244140625,188.74000549316406,SAP
2024-06-12 00:00:00-04:00,195.1699981689453,197.1999969482422,SAP
2024-06-13 00:00:00-04:00,195.10000610351562,192.4199981689453,SAP
2024-06-14 00:00:00-04:00,188.16000366210938,187.82000732421875,SAP
2024-06-17 00:00:00-04:00,188.7100067138672,190.02000427246094,SAP
2024-06-18 00:00:00-04:00,188.8000030517578,188.6199951171875,SAP
2024-06-20 00:00:00-04:00,190.49000549316406,191.47000122070312,SAP
2024-06-21 00:00:00-04:00,192.8800048828125,194.16000366210938,SAP
2024-06-24 00:00:00-04:00,192.13999938964844,191.69000244140625,SAP
2024-06-25 00:00:00-04:00,193.00999450683594,195.74000549316406,SAP
2024-06-26 00:00:00-04:00,197.3300018310547,198.58999633789062,SAP
2024-06-27 00:00:00-04:00,199.6699981689453,200.75,SAP
2024-06-28 00:00:00-04:00,201.75999450683594,201.7100067138672,SAP
2024-07-01 00:00:00-04:00,200.5399932861328,199.4199981689453,SAP
2024-07-02 00:00:00-04:00,197.67999267578125,198.5800018310547,SAP
2024-07-03 00:00:00-04:00,201.16000366210938,203.02000427246094,SAP
2024-07-05 00:00:00-04:00,205.7100067138672,205.94000244140625,SAP
2024-07-08 00:00:00-04:00,205.64999389648438,202.7899932861328,SAP
2024-07-09 00:00:00-04:00,202.64999389648438,200.27999877929688,SAP
2024-07-10 00:00:00-04:00,201.27000427246094,202.2899932861328,SAP
2024-07-11 00:00:00-04:00,203.77000427246094,201.72999572753906,SAP
2024-07-12 00:00:00-04:00,202.8800048828125,205.11000061035156,SAP
2024-07-15 00:00:00-04:00,205.3300018310547,203.50999450683594,SAP
2024-07-16 00:00:00-04:00,204.49000549316406,204.8699951171875,SAP
2024-07-17 00:00:00-04:00,201.50999450683594,200.00999450683594,SAP
2024-07-18 00:00:00-04:00,200.6300048828125,197.22999572753906,SAP
2024-07-19 00:00:00-04:00,196.75999450683594,197.2100067138672,SAP
2024-07-22 00:00:00-04:00,199.22999572753906,200.47000122070312,SAP
2024-07-23 00:00:00-04:00,212.55999755859375,214.75999450683594,SAP
2024-07-24 00:00:00-04:00,211.85000610351562,209.39999389648438,SAP
2024-07-25 00:00:00-04:00,210.27999877929688,210.80999755859375,SAP
2024-07-26 00:00:00-04:00,211.7100067138672,213.4499969482422,SAP
2024-07-29 00:00:00-04:00,211.27000427246094,209.1999969482422,SAP
2024-07-30 00:00:00-04:00,207.7899932861328,206.75999450683594,SAP
2024-07-31 00:00:00-04:00,210.7100067138672,211.60000610351562,SAP
2024-08-01 00:00:00-04:00,208.69000244140625,205.55999755859375,SAP
2024-08-02 00:00:00-04:00,204.0800018310547,204.72000122070312,SAP
2024-08-05 00:00:00-04:00,195.10000610351562,199.02999877929688,SAP
2024-08-06 00:00:00-04:00,201.2899932861328,201.72999572753906,SAP
2024-08-07 00:00:00-04:00,203.8800048828125,201.58999633789062,SAP
2024-08-08 00:00:00-04:00,203.08999633789062,206.27999877929688,SAP
2024-08-09 00:00:00-04:00,205.75999450683594,208.52999877929688,SAP
2024-08-12 00:00:00-04:00,207.0800018310547,205.97999572753906,SAP
2024-08-13 00:00:00-04:00,208.4600067138672,211.02000427246094,SAP
2024-08-14 00:00:00-04:00,211.97000122070312,212.5500030517578,SAP
2024-08-15 00:00:00-04:00,213.47999572753906,214.94000244140625,SAP
2024-08-16 00:00:00-04:00,215.6300048828125,216.1699981689453,SAP
2024-08-19 00:00:00-04:00,216.16000366210938,219.0399932861328,SAP
2024-08-20 00:00:00-04:00,219.17999267578125,217.77000427246094,SAP
2024-08-21 00:00:00-04:00,218.82000732421875,218.8699951171875,SAP
2024-08-22 00:00:00-04:00,219.67999267578125,217.25,SAP
2024-08-23 00:00:00-04:00,218.02999877929688,219.14999389648438,SAP
2024-08-26 00:00:00-04:00,217.41000366210938,215.86000061035156,SAP
2024-08-27 00:00:00-04:00,216.5500030517578,217.8300018310547,SAP
2024-05-28 00:00:00-04:00,272.6755512467129,269.4106140136719,CRM
2024-05-29 00:00:00-04:00,267.5834765097112,271.1978454589844,CRM
2024-05-30 00:00:00-04:00,223.05277995262972,217.67115783691406,CRM
2024-05-31 00:00:00-04:00,218.76946174257824,234.0756378173828,CRM
2024-06-03 00:00:00-04:00,234.25535141899147,236.2522430419922,CRM
2024-06-04 00:00:00-04:00,235.3536438508983,234.49497985839844,CRM
2024-06-05 00:00:00-04:00,235.2737678799363,236.16238403320312,CRM
2024-06-06 00:00:00-04:00,239.50719204034175,242.38270568847656,CRM
2024-06-07 00:00:00-04:00,241.95337080849527,241.47412109375,CRM
2024-06-10 00:00:00-04:00,241.41420125031874,241.46412658691406,CRM
2024-06-11 00:00:00-04:00,240.7851972177522,240.61546325683594,CRM
2024-06-12 00:00:00-04:00,240.18611387383294,235.4335174560547,CRM
2024-06-13 00:00:00-04:00,235.15396051414263,228.67404174804688,CRM
2024-06-14 00:00:00-04:00,228.99355775904954,231.57952880859375,CRM
2024-06-17 00:00:00-04:00,229.92209428540582,230.1217803955078,CRM
2024-06-18 00:00:00-04:00,230.1217875258577,231.44972229003906,CRM
2024-06-20 00:00:00-04:00,232.4881075895864,241.4241943359375,CRM
2024-06-21 00:00:00-04:00,240.19611107696062,244.6791229248047,CRM
2024-06-24 00:00:00-04:00,242.81204181602195,239.5670928955078,CRM
2024-06-25 00:00:00-04:00,241.40422000763698,241.38424682617188,CRM
2024-06-26 00:00:00-04:00,241.09471306395662,242.7720947265625,CRM
2024-06-27 00:00:00-04:00,244.6192254823521,252.45703125,CRM
2024-06-28 00:00:00-04:00,253.1059981342852,256.7004089355469,CRM
2024-07-01 00:00:00-04:00,257.7487854474755,255.81179809570312,CRM
2024-07-02 00:00:00-04:00,254.65361196292673,255.79183959960938,CRM
2024-07-03 00:00:00-04:00,256.5806027026675,260.54443359375,CRM
2024-07-05 00:00:00-04:00,262.3116740931909,262.78094482421875,CRM
2024-07-08 00:00:00-04:00,260.97377879352587,256.9700012207031,CRM
2024-07-09 00:00:00-04:00,256.0899963378906,252.42999267578125,CRM
2024-07-10 00:00:00-04:00,251.1999969482422,252.58999633789062,CRM
2024-07-11 00:00:00-04:00,252.60000610351562,251.1199951171875,CRM
2024-07-12 00:00:00-04:00,251.6199951171875,253.97000122070312,CRM
2024-07-15 00:00:00-04:00,256.0199890136719,252.86000061035156,CRM
2024-07-16 00:00:00-04:00,253.77999877929688,256.0299987792969,CRM
2024-07-17 00:00:00-04:00,254.0,251.22000122070312,CRM
2024-07-18 00:00:00-04:00,252.13999938964844,247.35000610351562,CRM
2024-07-19 00:00:00-04:00,248.64999389648438,247.6300048828125,CRM
2024-07-22 00:00:00-04:00,248.75,254.0800018310547,CRM
2024-07-23 00:00:00-04:00,256.5899963378906,256.05999755859375,CRM
2024-07-24 00:00:00-04:00,253.6300048828125,249.77999877929688,CRM
2024-07-25 00:00:00-04:00,254.74000549316406,256.5199890136719,CRM
2024-07-26 00:00:00-04:00,258.1700134277344,262.7099914550781,CRM
2024-07-29 00:00:00-04:00,262.7099914550781,258.5899963378906,CRM
2024-07-30 00:00:00-04:00,259.6199951171875,257.92999267578125,CRM
2024-07-31 00:00:00-04:00,256.2099914550781,258.79998779296875,CRM
2024-08-01 00:00:00-04:00,259.8999938964844,253.05999755859375,CRM
2024-08-02 00:00:00-04:00,247.7899932861328,243.97000122070312,CRM
2024-08-05 00:00:00-04:00,232.32000732421875,239.00999450683594,CRM
2024-08-06 00:00:00-04:00,241.08999633789062,238.4199981689453,CRM
2024-08-07 00:00:00-04:00,242.61000061035156,240.0399932861328,CRM
2024-08-08 00:00:00-04:00,243.24000549316406,249.1199951171875,CRM
2024-08-09 00:00:00-04:00,248.6999969482422,252.52999877929688,CRM
2024-08-12 00:00:00-04:00,252.60000610351562,251.30999755859375,CRM
2024-08-13 00:00:00-04:00,253.0,254.60000610351562,CRM
2024-08-14 00:00:00-04:00,255.38999938964844,255.32000732421875,CRM
2024-08-15 00:00:00-04:00,257.8999938964844,262.7900085449219,CRM
2024-08-16 00:00:00-04:00,261.75,262.9100036621094,CRM
2024-08-19 00:00:00-04:00,263.1000061035156,265.3800048828125,CRM
2024-08-20 00:00:00-04:00,264.95001220703125,261.8399963378906,CRM
2024-08-21 00:00:00-04:00,261.1000061035156,261.0899963378906,CRM
2024-08-22 00:00:00-04:00,261.5,258.5899963378906,CRM
2024-08-23 00:00:00-04:00,261.989990234375,264.0,CRM
2024-08-26 00:00:00-04:00,263.94000244140625,265.2799987792969,CRM
2024-08-27 00:00:00-04:00,259.6499938964844,264.20001220703125,CRM
2024-05-28 00:00:00-04:00,122.89301522887854,124.13949584960938,ORCL
2024-05-29 00:00:00-04:00,122.64372080906293,123.39160919189453,ORCL
2024-05-30 00:00:00-04:00,119.83166030574402,116.76033020019531,ORCL
2024-05-31 00:00:00-04:00,116.261737229646,116.86005401611328,ORCL
2024-06-03 00:00:00-04:00,117.19909518430495,118.94416809082031,ORCL
2024-06-04 00:00:00-04:00,118.68489446711285,119.73194122314453,ORCL
2024-06-05 00:00:00-04:00,121.30750005067064,122.28473663330078,ORCL
2024-06-06 00:00:00-04:00,122.53403319232496,123.15229034423828,ORCL
2024-06-07 00:00:00-04:00,123.86029081324081,125.56547546386719,ORCL
2024-06-10 00:00:00-04:00,125.37601542803104,124.14947509765625,ORCL
2024-06-11 00:00:00-04:00,123.70073899830167,123.53121185302734,ORCL
2024-06-12 00:00:00-04:00,134.31078921540865,139.98477172851562,ORCL
2024-06-13 00:00:00-04:00,140.03460664960198,139.4562530517578,ORCL
2024-06-14 00:00:00-04:00,138.86791229916045,137.74110412597656,ORCL
2024-06-17 00:00:00-04:00,138.40921226404842,140.91213989257812,ORCL
2024-06-18 00:00:00-04:00,140.8224034891211,144.23277282714844,ORCL
2024-06-20 00:00:00-04:00,144.9108630193705,142.5076446533203,ORCL
2024-06-21 00:00:00-04:00,143.3153591075807,141.1016082763672,ORCL
2024-06-24 00:00:00-04:00,139.60583043033844,139.4961395263672,ORCL
2024-06-25 00:00:00-04:00,138.60864818222834,138.77816772460938,ORCL
2024-06-26 00:00:00-04:00,139.0972672242779,137.84080505371094,ORCL
2024-06-27 00:00:00-04:00,138.85794976094053,139.7853240966797,ORCL
2024-06-28 00:00:00-04:00,139.047405264303,140.8024444580078,ORCL
2024-07-01 00:00:00-04:00,141.29108150361952,142.6871337890625,ORCL
2024-07-02 00:00:00-04:00,142.22843829684658,142.87660217285156,ORCL
2024-07-03 00:00:00-04:00,143.34527960424802,143.9735107421875,ORCL
2024-07-05 00:00:00-04:00,144.54189848870791,144.4222412109375,ORCL
2024-07-08 00:00:00-04:00,144.35242949595573,144.62167358398438,ORCL
2024-07-09 00:00:00-04:00,144.72138812804212,140.28390502929688,ORCL
2024-07-10 00:00:00-04:00,140.72267595192582,141.67001342773438,ORCL
2024-07-11 00:00:00-04:00,142.36000061035156,142.75999450683594,ORCL
2024-07-12 00:00:00-04:00,142.7100067138672,144.77000427246094,ORCL
2024-07-15 00:00:00-04:00,145.72999572753906,143.07000732421875,ORCL
2024-07-16 00:00:00-04:00,143.07000732421875,142.61000061035156,ORCL
2024-07-17 00:00:00-04:00,140.47999572753906,139.25999450683594,ORCL
2024-07-18 00:00:00-04:00,139.36000061035156,138.02999877929688,ORCL
2024-07-19 00:00:00-04:00,138.35000610351562,138.55999755859375,ORCL
2024-07-22 00:00:00-04:00,139.74000549316406,140.1699981689453,ORCL
2024-07-23 00:00:00-04:00,141.3000030517578,143.11000061035156,ORCL
2024-07-24 00:00:00-04:00,141.6999969482422,138.77000427246094,ORCL
2024-07-25 00:00:00-04:00,140.14999389648438,137.82000732421875,ORCL
2024-07-26 00:00:00-04:00,138.8699951171875,139.00999450683594,ORCL
2024-07-29 00:00:00-04:00,139.27000427246094,138.30999755859375,ORCL
2024-07-30 00:00:00-04:00,139.07000732421875,135.6699981689453,ORCL
2024-07-31 00:00:00-04:00,139.69000244140625,139.4499969482422,ORCL
2024-08-01 00:00:00-04:00,139.2899932861328,137.50999450683594,ORCL
2024-08-02 00:00:00-04:00,132.77000427246094,133.27999877929688,ORCL
2024-08-05 00:00:00-04:00,127.88999938964844,127.86000061035156,ORCL
2024-08-06 00:00:00-04:00,130.5399932861328,128.2100067138672,ORCL
2024-08-07 00:00:00-04:00,128.9199981689453,125.9000015258789,ORCL
2024-08-08 00:00:00-04:00,128.0,128.9600067138672,ORCL
2024-08-09 00:00:00-04:00,128.39999389648438,132.05999755859375,ORCL
2024-08-12 00:00:00-04:00,132.25,132.5800018310547,ORCL
2024-08-13 00:00:00-04:00,132.97000122070312,134.25999450683594,ORCL
2024-08-14 00:00:00-04:00,134.0399932861328,135.60000610351562,ORCL
2024-08-15 00:00:00-04:00,136.92999267578125,136.92999267578125,ORCL
2024-08-16 00:00:00-04:00,136.7899932861328,137.47000122070312,ORCL
2024-08-19 00:00:00-04:00,137.52999877929688,137.9199981689453,ORCL
2024-08-20 00:00:00-04:00,137.82000732421875,139.1699981689453,ORCL
2024-08-21 00:00:00-04:00,138.8000030517578,140.1999969482422,ORCL
2024-08-22 00:00:00-04:00,140.6999969482422,138.0800018310547,ORCL
2024-08-23 00:00:00-04:00,138.72999572753906,139.19000244140625,ORCL
2024-08-26 00:00:00-04:00,139.38999938964844,138.89999389648438,ORCL
2024-08-27 00:00:00-04:00,137.85000610351562,138.47999572753906,ORCL
2024-05-28 00:00:00-04:00,168.9622159644953,168.18898010253906,IBM
2024-05-29 00:00:00-04:00,166.54336834588244,165.6016082763672,IBM
2024-05-30 00:00:00-04:00,164.12452361855333,164.1939239501953,IBM
2024-05-31 00:00:00-04:00,164.2633127071578,165.40335083007812,IBM
2024-06-03 00:00:00-04:00,165.09602419058533,163.84695434570312,IBM
2024-06-04 00:00:00-04:00,163.17285987211218,164.3723602294922,IBM
2024-06-05 00:00:00-04:00,164.9671657718972,165.9287567138672,IBM
2024-06-06 00:00:00-04:00,165.92875576523457,166.74163818359375,IBM
2024-06-07 00:00:00-04:00,166.72179952321343,168.5359344482422,IBM
2024-06-10 00:00:00-04:00,168.0799351031798,168.90274047851562,IBM
2024-06-11 00:00:00-04:00,168.5062100440403,167.85194396972656,IBM
2024-06-12 00:00:00-04:00,169.86432904250282,167.53469848632812,IBM
2024-06-13 00:00:00-04:00,167.54460914551896,167.65365600585938,IBM
2024-06-14 00:00:00-04:00,166.83085285482804,167.74288940429688,IBM
2024-06-17 00:00:00-04:00,167.29677565034567,168.03036499023438,IBM
2024-06-18 00:00:00-04:00,168.5260394742316,169.07127380371094,IBM
2024-06-20 00:00:00-04:00,172.57066471183427,172.41204833984375,IBM
2024-06-21 00:00:00-04:00,172.46160864465102,170.96470642089844,IBM
2024-06-24 00:00:00-04:00,173.4826763782586,173.49258422851562,IBM
2024-06-25 00:00:00-04:00,173.62147097336927,171.10350036621094,IBM
2024-06-26 00:00:00-04:00,169.7949409153262,170.37982177734375,IBM
2024-06-27 00:00:00-04:00,169.6363157025059,169.36866760253906,IBM
2024-06-28 00:00:00-04:00,169.3686715863152,171.45045471191406,IBM
2024-07-01 00:00:00-04:00,171.94611472409795,173.58181762695312,IBM
2024-07-02 00:00:00-04:00,173.3240636174399,175.7627410888672,IBM
2024-07-03 00:00:00-04:00,176.33771229875364,174.2063446044922,IBM
2024-07-05 00:00:00-04:00,174.2162643792568,174.49383544921875,IBM
2024-07-08 00:00:00-04:00,174.88046128751833,176.09979248046875,IBM
2024-07-09 00:00:00-04:00,176.06014380336373,174.94984436035156,IBM
2024-07-10 00:00:00-04:00,175.0688109211902,176.2980499267578,IBM
2024-07-11 00:00:00-04:00,176.1096958899944,176.76397705078125,IBM
2024-07-12 00:00:00-04:00,177.01181502812793,181.2447967529297,IBM
2024-07-15 00:00:00-04:00,181.7900220867123,181.2943572998047,IBM
2024-07-16 00:00:00-04:00,183.06884415768667,184.19895935058594,IBM
2024-07-17 00:00:00-04:00,183.83217042272406,185.82473754882812,IBM
2024-07-18 00:00:00-04:00,185.0217609620696,183.61407470703125,IBM
2024-07-19 00:00:00-04:00,184.7144450354968,181.66114807128906,IBM
2024-07-22 00:00:00-04:00,181.80984750645462,182.5533447265625,IBM
2024-07-23 00:00:00-04:00,182.76152442841303,182.5037841796875,IBM
2024-07-24 00:00:00-04:00,182.5434389690343,182.4244842529297,IBM
2024-07-25 00:00:00-04:00,185.18037992645705,190.31546020507812,IBM
2024-07-26 00:00:00-04:00,188.85819398791128,190.0874481201172,IBM
2024-07-29 00:00:00-04:00,191.5050413044651,189.83961486816406,IBM
2024-07-30 00:00:00-04:00,189.81979341469415,189.38360595703125,IBM
2024-07-31 00:00:00-04:00,189.34396013941137,190.4740753173828,IBM
2024-08-01 00:00:00-04:00,191.13826147377947,188.0155792236328,IBM
2024-08-02 00:00:00-04:00,187.14320668249613,187.48025512695312,IBM
2024-08-05 00:00:00-04:00,182.94988098245304,181.7206268310547,IBM
2024-08-06 00:00:00-04:00,183.09857591422445,185.1803741455078,IBM
2024-08-07 00:00:00-04:00,186.44927483599824,185.1803741455078,IBM
2024-08-08 00:00:00-04:00,185.87430737923782,190.94000244140625,IBM
2024-08-09 00:00:00-04:00,191.17999267578125,191.4499969482422,IBM
2024-08-12 00:00:00-04:00,191.25,189.47999572753906,IBM
2024-08-13 00:00:00-04:00,190.2899932861328,190.99000549316406,IBM
2024-08-14 00:00:00-04:00,191.14999389648438,192.32000732421875,IBM
2024-08-15 00:00:00-04:00,193.50999450683594,193.9499969482422,IBM
2024-08-16 00:00:00-04:00,193.5800018310547,193.77999877929688,IBM
2024-08-19 00:00:00-04:00,193.83999633789062,194.72999572753906,IBM
2024-08-20 00:00:00-04:00,194.58999633789062,196.02999877929688,IBM
2024-08-21 00:00:00-04:00,195.97000122070312,197.2100067138672,IBM
2024-08-22 00:00:00-04:00,197.25,195.9600067138672,IBM
2024-08-23 00:00:00-04:00,196.7899932861328,196.10000610351562,IBM
2024-08-26 00:00:00-04:00,196.0,197.97999572753906,IBM
2024-08-27 00:00:00-04:00,197.44000244140625,198.72999572753906,IBM
